N-gram retention,,
able,,
after,,
against,,
allow,,
alone,,
always,,
among,,
am,,
anywhere,,
appropriate,,
before,,
cause,,
being,,
believe,,
better,,
despite,,
different,,
my,,
myself,,
need,,
needs,,
our,,
ours,,
ourselves,,
serious,,
their,,
theirs,,
them,,
themselves,,
they,,
together,,
we,,
welcome,,
appreciate,,
below,,
best,,
beyond,,
consider,,
can,,
enough,,
necessary,,
possible,,
think,,
without,,
within,,
wish,,
value,,
nd,,is this an acronym for neurodiversity? It was included in the smart stop list
above,,
